{
  "primary": {
    "thigh_length": 0.297,
    "calf_length": 0.302,
    "motor_left_name": "U10",
    "motor_right_name": "U10",
    "gear_left_ratio": 6.0,
    "gear_right_ratio": 6.0,
    "gearbox_left": "SSPG",
    "gearbox_right": "SSPG",
    "torso_distance": 0.125,
    "ik_height": 0.4755376225411795,
    "ori_l": 4.596460763617633,
    "ori_theta": 1.5692689272992482,
    "best_index": 2.0,
    "best_cost": 0.1042970970706322,
    "ac1": 100.4,
    "ac2": 10.0,
    "ac3": 10.0
  },
  "secondary": {
    "Thigh": 0.297,
    "Calf": 0.302,
    "Hip left motor": "U10",
    "Hip right motor": "U10",
    "Hip left ratio": 6.0,
    "Hip right ratio": 6.0,
    "Gearbox left": "SSPG",
    "Gearbox right": "SSPG",
    "Efficiency left": 0.952,
    "Efficiency right": 0.952,
    "Torso distance": 0.125,
    "ik_height": 0.4755376225411795,
    "ori_l": 4.596460763617633,
    "ori_theta": 1.5692689272992482,
    "Best X velocity": 11.469751210798943,
    "Average energy": 8.563635049012225,
    "Max height": 0.110631048724548,
    "Max distance": 0.34084897045317,
    "Unique id": "823d163c",
    "Cost": 0.1042970970706322,
    "ac1": 100.4,
    "ac2": 10.0,
    "ac3": 10.0
  },
  "secondary_status": null
}