{
  "primary": {
    "thigh_length": 0.1515192683248088,
    "calf_length": 0.1578991594060991,
    "motor_left_name": "VT8020",
    "motor_right_name": "VT8020",
    "gear_left_ratio": 43.67422910662449,
    "gear_right_ratio": 38.351827861268,
    "gearbox_left": "WPG",
    "gearbox_right": "WPG",
    "torso_distance": 0.051288609972917,
    "ik_height": 0.5576451372150633,
    "ori_l": 6.941422851244326,
    "ori_theta": 1.4206306632485508,
    "best_index": 7.0,
    "best_cost": -46.46493569585257,
    "ac1": 67.0,
    "ac2": 5.9,
    "ac3": 39.6
  },
  "secondary": {
    "Thigh": 0.1515192683248088,
    "Calf": 0.1578991594060991,
    "Hip left motor": "VT8020",
    "Hip right motor": "VT8020",
    "Hip left ratio": 43.67422910662449,
    "Hip right ratio": 38.351827861268,
    "Gearbox left": "WPG",
    "Gearbox right": "WPG",
    "Efficiency left": 0.804,
    "Efficiency right": 0.746,
    "Torso distance": 0.051288609972917,
    "ik_height": 0.299418427730908,
    "ori_l": 6.941422851244326,
    "ori_theta": 1.4206306632485508,
    "Best X velocity": 47.53988437912109,
    "Average energy": 20.42560653103905,
    "Max height": 0.2167154717402069,
    "Max distance": 5.667773896137209,
    "Unique id": "220c3dc7",
    "Cost": -46.46493569585257,
    "ac1": 67.0,
    "ac2": 5.9,
    "ac3": 39.6
  },
  "secondary_status": null
}