{
  "primary": {
    "thigh_length": 0.1500000039753987,
    "calf_length": 0.3498706077957572,
    "motor_left_name": "MAD_M6C12",
    "motor_right_name": "MAD_M6C12",
    "gear_left_ratio": 19.44202899322132,
    "gear_right_ratio": 19.37168702995894,
    "gearbox_left": "WPG",
    "gearbox_right": "WPG",
    "torso_distance": 0.1499957948502165,
    "ik_height": 0.3000339765807106,
    "ori_l": 0.0164106489313565,
    "ori_theta": -1.5707901644642928,
    "best_index": 3.0,
    "best_cost": -4.287115029388301,
    "ac1": 67.8,
    "ac2": 9.6,
    "ac3": 49.8
  },
  "secondary": {
    "Thigh": 0.1500000028960251,
    "Calf": 0.3498700398943694,
    "Hip left motor": "MAD_M6C12",
    "Hip right motor": "MAD_M6C12",
    "Hip left ratio": 19.44176107743492,
    "Hip right ratio": 19.371626322929792,
    "Gearbox left": "WPG",
    "Gearbox right": "WPG",
    "Efficiency left": 0.875,
    "Efficiency right": 0.875,
    "Torso distance": 0.1499954501439768,
    "ik_height": 0.3000337184457158,
    "ori_l": 0.0164107102054785,
    "ori_theta": -1.5707900267957802,
    "Best X velocity": 11.196926102635263,
    "Average energy": 0.3393244281458225,
    "Max height": 0.0413702514807542,
    "Max distance": 0.3961086023113777,
    "Unique id": "68139feb",
    "Cost": -4.287113597503267,
    "ac1": 67.8,
    "ac2": 9.6,
    "ac3": 49.8
  },
  "secondary_status": null
}