{
  "primary": {
    "thigh_length": 0.297,
    "calf_length": 0.302,
    "motor_left_name": "U10",
    "motor_right_name": "U10",
    "gear_left_ratio": 6.0,
    "gear_right_ratio": 6.0,
    "gearbox_left": "SSPG",
    "gearbox_right": "SSPG",
    "torso_distance": 0.125,
    "ik_height": 0.3000000767822212,
    "ori_l": 7.512646981566759,
    "ori_theta": -0.3600923215572289,
    "best_index": 0.0,
    "best_cost": -12.278270565235058,
    "ac1": 76.4,
    "ac2": 0.1,
    "ac3": 10.2
  },
  "secondary": {
    "Thigh": 0.297,
    "Calf": 0.302,
    "Hip left motor": "U10",
    "Hip right motor": "U10",
    "Hip left ratio": 6.0,
    "Hip right ratio": 6.0,
    "Gearbox left": "SSPG",
    "Gearbox right": "SSPG",
    "Efficiency left": 0.952,
    "Efficiency right": 0.952,
    "Torso distance": 0.125,
    "ik_height": 0.3000009046696706,
    "ori_l": 7.512623855472836,
    "ori_theta": -0.3600890735555264,
    "Best X velocity": 7.754288149114263,
    "Average energy": 25.414812430361348,
    "Max height": 0.259046704613981,
    "Max distance": 0.7131006150274053,
    "Unique id": "c2515d80",
    "Cost": -12.278171064002631,
    "ac1": 76.4,
    "ac2": 0.1,
    "ac3": 10.2
  },
  "secondary_status": null
}