{
  "primary": {
    "thigh_length": 0.1538466002269469,
    "calf_length": 0.2063398017986391,
    "motor_left_name": "U8",
    "motor_right_name": "MN8014",
    "gear_left_ratio": 59.93313862079605,
    "gear_right_ratio": 28.157695623851517,
    "gearbox_left": "WPG",
    "gearbox_right": "WPG",
    "torso_distance": 0.0516921174543456,
    "ik_height": 0.4743194901011549,
    "ori_l": 5.51493084658571,
    "ori_theta": 1.5084300987628794,
    "best_index": 5.0,
    "best_cost": -41.52734512240407,
    "ac1": 50.8,
    "ac2": 9.1,
    "ac3": 23.7
  },
  "secondary": {
    "Thigh": 0.1538466002269469,
    "Calf": 0.2063398017986391,
    "Hip left motor": "U8",
    "Hip right motor": "MN8014",
    "Hip left ratio": 59.93313862079605,
    "Hip right ratio": 28.157695623851517,
    "Gearbox left": "WPG",
    "Gearbox right": "WPG",
    "Efficiency left": 0.749,
    "Efficiency right": 0.853,
    "Torso distance": 0.0516921174543456,
    "ik_height": 0.350186402025586,
    "ori_l": 5.51493084658571,
    "ori_theta": 1.5084300987628794,
    "Best X velocity": 41.645497714723646,
    "Average energy": 10.187185433451724,
    "Max height": 0.3390854583006277,
    "Max distance": 4.900110451743292,
    "Unique id": "19a9f8aa",
    "Cost": -41.52734512240407,
    "ac1": 50.8,
    "ac2": 9.1,
    "ac3": 23.7
  },
  "secondary_status": null
}