{
  "primary": {
    "thigh_length": 0.2286661884376946,
    "calf_length": 0.2675657714158777,
    "motor_left_name": "MAD_M6C12",
    "motor_right_name": "MN8014",
    "gear_left_ratio": 4.007780814846757,
    "gear_right_ratio": 7.300724958506301,
    "gearbox_left": "CPG",
    "gearbox_right": "SSPG",
    "torso_distance": 0.0607763893146103,
    "ik_height": 0.3000218401425811,
    "ori_l": 5.565786173980217,
    "ori_theta": -0.4741211039611404,
    "best_index": 2.0,
    "best_cost": -1.1827520533654337,
    "ac1": 983.1,
    "ac2": 5.4,
    "ac3": 36.1
  },
  "secondary": {
    "Thigh": 0.2286661884376946,
    "Calf": 0.2675657714158777,
    "Hip left motor": "MAD_M6C12",
    "Hip right motor": "MN8014",
    "Hip left ratio": 4.007780814846757,
    "Hip right ratio": 7.300724958506301,
    "Gearbox left": "CPG",
    "Gearbox right": "SSPG",
    "Efficiency left": 0.963,
    "Efficiency right": 0.96,
    "Torso distance": 0.0607763893146103,
    "ik_height": 0.3000218401425811,
    "ori_l": 5.565786173980217,
    "ori_theta": -0.4741211039611404,
    "Best X velocity": 18.875166492018455,
    "Average energy": 22.25108459873458,
    "Max height": 0.3035071384772393,
    "Max distance": 1.0177945566178177,
    "Unique id": "c9645121",
    "Cost": -1.1827520533654337,
    "ac1": 983.1,
    "ac2": 5.4,
    "ac3": 36.1
  },
  "secondary_status": null
}