{
  "primary": {
    "thigh_length": 0.297,
    "calf_length": 0.302,
    "motor_left_name": "U8",
    "motor_right_name": "MN8014",
    "gear_left_ratio": 4.001915277104597,
    "gear_right_ratio": 4.025202721695627,
    "gearbox_left": "CPG",
    "gearbox_right": "SSPG",
    "torso_distance": 0.125,
    "ik_height": 0.4166338143581073,
    "ori_l": 2.95340489948533,
    "ori_theta": -0.5236586426511447,
    "best_index": 4.0,
    "best_cost": 0.664025187700731,
    "ac1": 331.9,
    "ac2": 6.3,
    "ac3": 20.8
  },
  "secondary": {
    "Thigh": 0.297,
    "Calf": 0.302,
    "Hip left motor": "U8",
    "Hip right motor": "MN8014",
    "Hip left ratio": 4.001915277104597,
    "Hip right ratio": 4.025202721695627,
    "Gearbox left": "CPG",
    "Gearbox right": "SSPG",
    "Efficiency left": 0.963,
    "Efficiency right": 0.962,
    "Torso distance": 0.125,
    "ik_height": 0.4166338143581073,
    "ori_l": 2.95340489948533,
    "ori_theta": -0.5236586426511447,
    "Best X velocity": 11.016971877706697,
    "Average energy": 8.77287175026108,
    "Max height": 0.151997001163408,
    "Max distance": 0.3722410687429809,
    "Unique id": "a2093421",
    "Cost": 0.664025187700731,
    "ac1": 331.9,
    "ac2": 6.3,
    "ac3": 20.8
  },
  "secondary_status": null
}