{
  "primary": {
    "thigh_length": 0.297,
    "calf_length": 0.302,
    "motor_left_name": "U8",
    "motor_right_name": "MAD_M6C12",
    "gear_left_ratio": 16.071535609347492,
    "gear_right_ratio": 4.041212055479879,
    "gearbox_left": "WPG",
    "gearbox_right": "CPG",
    "torso_distance": 0.125,
    "ik_height": 0.427061088857374,
    "ori_l": 4.168666063552565,
    "ori_theta": 0.7987497975097115,
    "best_index": 0.0,
    "best_cost": -0.4830800940586721,
    "ac1": 703.2,
    "ac2": 7.2,
    "ac3": 48.6
  },
  "secondary": {
    "Thigh": 0.297,
    "Calf": 0.302,
    "Hip left motor": "U8",
    "Hip right motor": "MAD_M6C12",
    "Hip left ratio": 16.071535609347492,
    "Hip right ratio": 4.041212055479879,
    "Gearbox left": "WPG",
    "Gearbox right": "CPG",
    "Efficiency left": 0.895,
    "Efficiency right": 0.963,
    "Torso distance": 0.125,
    "ik_height": 0.427061088857374,
    "ori_l": 4.168666063552565,
    "ori_theta": 0.7987497975097115,
    "Best X velocity": 22.924033435812728,
    "Average energy": 16.197153225947467,
    "Max height": 0.2077119200415256,
    "Max distance": 0.7065271859759119,
    "Unique id": "6dc70444",
    "Cost": -0.4830800940586721,
    "ac1": 703.2,
    "ac2": 7.2,
    "ac3": 48.6
  },
  "secondary_status": null
}