{
  "primary": {
    "thigh_length": 0.1542714224966343,
    "calf_length": 0.3348810004020918,
    "motor_left_name": "MN8014",
    "motor_right_name": "MN8014",
    "gear_left_ratio": 42.149885987356335,
    "gear_right_ratio": 4.024722903700433,
    "gearbox_left": "WPG",
    "gearbox_right": "SSPG",
    "torso_distance": 0.140407487959379,
    "ik_height": 0.3000035626715797,
    "ori_l": 9.579402510807128,
    "ori_theta": -1.5690310031677754,
    "best_index": 1.0,
    "best_cost": -28.3181410915214,
    "ac1": 910.5,
    "ac2": 9.8,
    "ac3": 45.6
  },
  "secondary": {
    "Thigh": 0.1542714224966343,
    "Calf": 0.3348810004020918,
    "Hip left motor": "MN8014",
    "Hip right motor": "MN8014",
    "Hip left ratio": 42.149885987356335,
    "Hip right ratio": 4.024722903700433,
    "Gearbox left": "WPG",
    "Gearbox right": "SSPG",
    "Efficiency left": 0.795,
    "Efficiency right": 0.962,
    "Torso distance": 0.140407487959379,
    "ik_height": 0.3000035626715797,
    "ori_l": 9.579402510807128,
    "ori_theta": -1.5690310031677754,
    "Best X velocity": 87.59549205253398,
    "Average energy": 273.33579481400955,
    "Max height": 3.698982332847987,
    "Max distance": 9.537359175109602,
    "Unique id": "8f23bd61",
    "Cost": -28.3181410915214,
    "ac1": 910.5,
    "ac2": 9.8,
    "ac3": 45.6
  },
  "secondary_status": null
}