{
  "primary": {
    "thigh_length": 0.1501345249197914,
    "calf_length": 0.3493773935491038,
    "motor_left_name": "MN8014",
    "motor_right_name": "U8",
    "gear_left_ratio": 8.246444935092004,
    "gear_right_ratio": 18.57099152958513,
    "gearbox_left": "CPG",
    "gearbox_right": "WPG",
    "torso_distance": 0.1241237097757868,
    "ik_height": 0.3000625118791734,
    "ori_l": 0.1551974687281279,
    "ori_theta": -1.5706435247920223,
    "best_index": 7.0,
    "best_cost": -3.780593402219061,
    "ac1": 202.1,
    "ac2": 5.9,
    "ac3": 50.0
  },
  "secondary": {
    "Thigh": 0.1501345249197914,
    "Calf": 0.3493773935491038,
    "Hip left motor": "MN8014",
    "Hip right motor": "U8",
    "Hip left ratio": 8.246444935092004,
    "Hip right ratio": 18.57099152958513,
    "Gearbox left": "CPG",
    "Gearbox right": "WPG",
    "Efficiency left": 0.942,
    "Efficiency right": 0.895,
    "Torso distance": 0.1241237097757868,
    "ik_height": 0.3000625118791734,
    "ori_l": 0.1551974687281279,
    "ori_theta": -1.5706435247920223,
    "Best X velocity": 27.42459509874038,
    "Average energy": 0.3543727428881598,
    "Max height": 0.0365372662298245,
    "Max distance": 0.3581873760471574,
    "Unique id": "0b32be15",
    "Cost": -3.780593402219061,
    "ac1": 202.1,
    "ac2": 5.9,
    "ac3": 50.0
  },
  "secondary_status": null
}