{

  "secondary": {
    "Thigh": 0.1500126351164858,
    "Calf": 0.1511996771061383,
    "Hip left motor": "U10",
    "Hip right motor": "U10",
    "Hip left ratio": 6.0,
    "Hip right ratio": 6.0,
    "Gearbox left": "SSPG",
    "Gearbox right": "SSPG",
    "Efficiency left": 0.952,
    "Efficiency right": 0.952,
    "Torso distance": 0.0760030793622472,
    "ik_height": 0.2912123122226241,
    "ori_l": 3.625949536368904,
    "ori_theta": -1.4674769960898053,
    "Best X velocity": 33.83941143314637,
    "Average energy": 17.400122494339502,
    "Max height": 0.0588170881934493,
    "Max distance": 0.4706677399127227,
    "Unique id": "3b477dab",
    "ac1": 253.2,
    "ac2": 5.9,
    "ac3": 49.5
  }
}