{
  "secondary": {
    "Thigh": 0.230838968798863,
    "Calf": 0.2716835607832433,
    "Hip left motor": "MAD_M6C12",
    "Hip right motor": "MN8014",
    "Hip left ratio": 4.002359795174607,
    "Hip right ratio": 7.349924952103571,
    "Gearbox left": "CPG",
    "Gearbox right": "SSPG",
    "Efficiency left": 0.963,
    "Efficiency right": 0.96,
    "Torso distance": 0.0505462930916933,
    "ik_height": 0.3000016940026108,
    "ori_l": 4.9801679465315205,
    "ori_theta": -0.4280724708129266,
    "Best X velocity": 23.871550226190557,
    "Average energy": 22.492920432322222,
    "Max height": 0.3154739179648764,
    "Max distance": 1.030101685175581,
    "Unique id": "e658a122",
    "ac1": 978.7,
    "ac2": 5.0,
    "ac3": 36.9
  }
}