{
  "primary": {
    "thigh_length": 0.297,
    "calf_length": 0.302,
    "motor_left_name": "U8",
    "motor_right_name": "MAD_M6C12",
    "gear_left_ratio": 21.40874267748962,
    "gear_right_ratio": 4.427665698156266,
    "gearbox_left": "WPG",
    "gearbox_right": "SSPG",
    "torso_distance": 0.125,
    "ik_height": 0.4269238050179362,
    "ori_l": 3.29832499993693,
    "ori_theta": 0.3450358193692056,
    "best_index": 0.0,
    "best_cost": -1.175034893204728,
    "ac1": 898.0,
    "ac2": 4.4,
    "ac3": 31.5
  },
  "secondary": {
    "Thigh": 0.297,
    "Calf": 0.302,
    "Hip left motor": "U8",
    "Hip right motor": "MAD_M6C12",
    "Hip left ratio": 21.40874267748962,
    "Hip right ratio": 4.427665698156266,
    "Gearbox left": "WPG",
    "Gearbox right": "SSPG",
    "Efficiency left": 0.871,
    "Efficiency right": 0.956,
    "Torso distance": 0.125,
    "ik_height": 0.4269238050179362,
    "ori_l": 3.29832499993693,
    "ori_theta": 0.3450358193692056,
    "Best X velocity": 27.0256461995726,
    "Average energy": 22.491406267767708,
    "Max height": 0.2620768180805796,
    "Max distance": 0.9698050105914764,
    "Unique id": "e6fb9b87",
    "Cost": -1.175034893204728,
    "ac1": 898.0,
    "ac2": 4.4,
    "ac3": 31.5
  },
  "secondary_status": null
}