{

  "secondary": {
    "Thigh": 0.297,
    "Calf": 0.302,
    "Hip left motor": "U10",
    "Hip right motor": "U10",
    "Hip left ratio": 6.0,
    "Hip right ratio": 6.0,
    "Gearbox left": "SSPG",
    "Gearbox right": "SSPG",
    "Efficiency left": 0.952,
    "Efficiency right": 0.952,
    "Torso distance": 0.125,
    "ik_height": 0.3000163232768618,
    "ori_l": 4.200087274579142,
    "ori_theta": 1.5033841106897363,
    "Best X velocity": 12.782101941990751,
    "Average energy": 26.702616521381785,
    "Max height": 0.2566169368192373,
    "Max distance": 0.7260280614986402,
    "Unique id": "c017fb87",
    "ac1": 197.4,
    "ac2": 7.7,
    "ac3": 11.0
  }
}